,Survived,Pclass,Sex,Age,SibSp,Parch,Fare,Boarded,predicted_survival
0,0.0,3,male,22.0,1,0,7.25,Southampton,0.0
1,1.0,1,female,38.0,1,0,71.2833,Cherbourg,1.0
2,1.0,3,female,26.0,0,0,7.925,Southampton,1.0
3,1.0,1,female,35.0,1,0,53.1,Southampton,1.0
4,0.0,3,male,35.0,0,0,8.05,Southampton,0.0
6,0.0,1,male,54.0,0,0,51.8625,Southampton,0.0
7,0.0,3,male,2.0,3,1,21.075,Southampton,0.0
8,1.0,3,female,27.0,0,2,11.1333,Southampton,1.0
9,1.0,2,female,14.0,1,0,30.0708,Cherbourg,1.0
10,1.0,3,female,4.0,1,1,16.7,Southampton,1.0
11,1.0,1,female,58.0,0,0,26.55,Southampton,1.0
12,0.0,3,male,20.0,0,0,8.05,Southampton,0.0
13,0.0,3,male,39.0,1,5,31.275,Southampton,0.0
14,0.0,3,female,14.0,0,0,7.8542,Southampton,1.0
15,1.0,2,female,55.0,0,0,16.0,Southampton,1.0
16,0.0,3,male,2.0,4,1,29.125,Queenstown,0.0
18,0.0,3,female,31.0,1,0,18.0,Southampton,1.0
20,0.0,2,male,35.0,0,0,26.0,Southampton,0.0
21,1.0,2,male,34.0,0,0,13.0,Southampton,0.0
22,1.0,3,female,15.0,0,0,8.0292,Queenstown,1.0
23,1.0,1,male,28.0,0,0,35.5,Southampton,0.0
24,0.0,3,female,8.0,3,1,21.075,Southampton,1.0
25,1.0,3,female,38.0,1,5,31.3875,Southampton,1.0
27,0.0,1,male,19.0,3,2,263.0,Southampton,0.0
30,0.0,1,male,40.0,0,0,27.7208,Cherbourg,0.0
33,0.0,2,male,66.0,0,0,10.5,Southampton,0.0
34,0.0,1,male,28.0,1,0,82.1708,Cherbourg,0.0
35,0.0,1,male,42.0,1,0,52.0,Southampton,0.0
37,0.0,3,male,21.0,0,0,8.05,Southampton,0.0
38,0.0,3,female,18.0,2,0,18.0,Southampton,1.0
39,1.0,3,female,14.0,1,0,11.2417,Cherbourg,1.0
40,0.0,3,female,40.0,1,0,9.475,Southampton,1.0
41,0.0,2,female,27.0,1,0,21.0,Southampton,1.0
43,1.0,2,female,3.0,1,2,41.5792,Cherbourg,1.0
44,1.0,3,female,19.0,0,0,7.8792,Queenstown,1.0
49,0.0,3,female,18.0,1,0,17.8,Southampton,1.0
50,0.0,3,male,7.0,4,1,39.6875,Southampton,0.0
51,0.0,3,male,21.0,0,0,7.8,Southampton,0.0
52,1.0,1,female,49.0,1,0,76.7292,Cherbourg,1.0
53,1.0,2,female,29.0,1,0,26.0,Southampton,1.0
54,0.0,1,male,65.0,0,1,61.9792,Southampton,0.0
56,1.0,2,female,21.0,0,0,10.5,Southampton,1.0
57,0.0,3,male,28.5,0,0,7.2292,Cherbourg,0.0
58,1.0,2,female,5.0,1,2,27.75,Southampton,1.0
59,0.0,3,male,11.0,5,2,46.9,Southampton,0.0
60,0.0,3,male,22.0,0,0,7.2292,Cherbourg,0.0
61,1.0,1,female,38.0,0,0,80.0,Southampton,1.0
62,0.0,1,male,45.0,1,0,83.475,Southampton,0.0
63,0.0,3,male,4.0,3,2,27.9,Southampton,0.0
66,1.0,2,female,29.0,0,0,10.5,Southampton,1.0
67,0.0,3,male,19.0,0,0,8.1583,Southampton,0.0
68,1.0,3,female,17.0,4,2,7.925,Southampton,1.0
69,0.0,3,male,26.0,2,0,8.6625,Southampton,0.0
70,0.0,2,male,32.0,0,0,10.5,Southampton,0.0
71,0.0,3,female,16.0,5,2,46.9,Southampton,1.0
72,0.0,2,male,21.0,0,0,73.5,Southampton,0.0
73,0.0,3,male,26.0,1,0,14.4542,Cherbourg,0.0
74,1.0,3,male,32.0,0,0,56.4958,Southampton,0.0
75,0.0,3,male,25.0,0,0,7.65,Southampton,0.0
78,1.0,2,male,0.83,0,2,29.0,Southampton,0.0
79,1.0,3,female,30.0,0,0,12.475,Southampton,1.0
80,0.0,3,male,22.0,0,0,9.0,Southampton,0.0
81,1.0,3,male,29.0,0,0,9.5,Southampton,0.0
83,0.0,1,male,28.0,0,0,47.1,Southampton,0.0
84,1.0,2,female,17.0,0,0,10.5,Southampton,1.0
85,1.0,3,female,33.0,3,0,15.85,Southampton,1.0
86,0.0,3,male,16.0,1,3,34.375,Southampton,0.0
88,1.0,1,female,23.0,3,2,263.0,Southampton,1.0
89,0.0,3,male,24.0,0,0,8.05,Southampton,0.0
90,0.0,3,male,29.0,0,0,8.05,Southampton,0.0
91,0.0,3,male,20.0,0,0,7.8542,Southampton,0.0
92,0.0,1,male,46.0,1,0,61.175,Southampton,0.0
93,0.0,3,male,26.0,1,2,20.575,Southampton,0.0
94,0.0,3,male,59.0,0,0,7.25,Southampton,0.0
96,0.0,1,male,71.0,0,0,34.6542,Cherbourg,0.0
97,1.0,1,male,23.0,0,1,63.3583,Cherbourg,0.0
98,1.0,2,female,34.0,0,1,23.0,Southampton,1.0
99,0.0,2,male,34.0,1,0,26.0,Southampton,0.0
100,0.0,3,female,28.0,0,0,7.8958,Southampton,1.0
102,0.0,1,male,21.0,0,1,77.2875,Southampton,0.0
103,0.0,3,male,33.0,0,0,8.6542,Southampton,0.0
104,0.0,3,male,37.0,2,0,7.925,Southampton,0.0
105,0.0,3,male,28.0,0,0,7.8958,Southampton,0.0
106,1.0,3,female,21.0,0,0,7.65,Southampton,1.0
108,0.0,3,male,38.0,0,0,7.8958,Southampton,0.0
110,0.0,1,male,47.0,0,0,52.0,Southampton,0.0
111,0.0,3,female,14.5,1,0,14.4542,Cherbourg,1.0
112,0.0,3,male,22.0,0,0,8.05,Southampton,0.0
113,0.0,3,female,20.0,1,0,9.825,Southampton,1.0
114,0.0,3,female,17.0,0,0,14.4583,Cherbourg,1.0
115,0.0,3,male,21.0,0,0,7.925,Southampton,0.0
116,0.0,3,male,70.5,0,0,7.75,Queenstown,0.0
117,0.0,2,male,29.0,1,0,21.0,Southampton,0.0
118,0.0,1,male,24.0,0,1,247.5208,Cherbourg,0.0
119,0.0,3,female,2.0,4,2,31.275,Southampton,1.0
120,0.0,2,male,21.0,2,0,73.5,Southampton,0.0
122,0.0,2,male,32.5,1,0,30.0708,Cherbourg,0.0
123,1.0,2,female,32.5,0,0,13.0,Southampton,1.0
124,0.0,1,male,54.0,0,1,77.2875,Southampton,0.0
125,1.0,3,male,12.0,1,0,11.2417,Cherbourg,0.0
127,1.0,3,male,24.0,0,0,7.1417,Southampton,0.0
129,0.0,3,male,45.0,0,0,6.975,Southampton,0.0
130,0.0,3,male,33.0,0,0,7.8958,Cherbourg,0.0
131,0.0,3,male,20.0,0,0,7.05,Southampton,0.0
132,0.0,3,female,47.0,1,0,14.5,Southampton,1.0
133,1.0,2,female,29.0,1,0,26.0,Southampton,1.0
134,0.0,2,male,25.0,0,0,13.0,Southampton,0.0
135,0.0,2,male,23.0,0,0,15.0458,Cherbourg,0.0
136,1.0,1,female,19.0,0,2,26.2833,Southampton,1.0
137,0.0,1,male,37.0,1,0,53.1,Southampton,0.0
138,0.0,3,male,16.0,0,0,9.2167,Southampton,0.0
139,0.0,1,male,24.0,0,0,79.2,Cherbourg,0.0
141,1.0,3,female,22.0,0,0,7.75,Southampton,1.0
142,1.0,3,female,24.0,1,0,15.85,Southampton,1.0
143,0.0,3,male,19.0,0,0,6.75,Queenstown,0.0
144,0.0,2,male,18.0,0,0,11.5,Southampton,0.0
145,0.0,2,male,19.0,1,1,36.75,Southampton,0.0
146,1.0,3,male,27.0,0,0,7.7958,Southampton,0.0
147,0.0,3,female,9.0,2,2,34.375,Southampton,1.0
148,0.0,2,male,36.5,0,2,26.0,Southampton,0.0
149,0.0,2,male,42.0,0,0,13.0,Southampton,0.0
150,0.0,2,male,51.0,0,0,12.525,Southampton,0.0
151,1.0,1,female,22.0,1,0,66.6,Southampton,1.0
152,0.0,3,male,55.5,0,0,8.05,Southampton,0.0
153,0.0,3,male,40.5,0,2,14.5,Southampton,0.0
155,0.0,1,male,51.0,0,1,61.3792,Cherbourg,0.0
156,1.0,3,female,16.0,0,0,7.7333,Queenstown,1.0
157,0.0,3,male,30.0,0,0,8.05,Southampton,0.0
160,0.0,3,male,44.0,0,1,16.1,Southampton,0.0
161,1.0,2,female,40.0,0,0,15.75,Southampton,1.0
162,0.0,3,male,26.0,0,0,7.775,Southampton,0.0
163,0.0,3,male,17.0,0,0,8.6625,Southampton,0.0
164,0.0,3,male,1.0,4,1,39.6875,Southampton,0.0
165,1.0,3,male,9.0,0,2,20.525,Southampton,0.0
167,0.0,3,female,45.0,1,4,27.9,Southampton,1.0
169,0.0,3,male,28.0,0,0,56.4958,Southampton,0.0
170,0.0,1,male,61.0,0,0,33.5,Belfast,0.0
171,0.0,3,male,4.0,4,1,29.125,Queenstown,0.0
172,1.0,3,female,1.0,1,1,11.1333,Southampton,1.0
173,0.0,3,male,21.0,0,0,7.925,Southampton,0.0
174,0.0,1,male,56.0,0,0,30.6958,Cherbourg,0.0
175,0.0,3,male,18.0,1,1,7.8542,Southampton,0.0
177,0.0,1,female,50.0,0,0,28.7125,Cherbourg,1.0
178,0.0,2,male,30.0,0,0,13.0,Southampton,0.0
179,0.0,3,male,36.0,0,0,0.0,Southampton,0.0
182,0.0,3,male,9.0,4,2,31.3875,Southampton,0.0
183,1.0,2,male,1.0,2,1,39.0,Southampton,0.0
184,1.0,3,female,4.0,0,2,22.025,Southampton,1.0
187,1.0,1,male,45.0,0,0,26.55,Southampton,0.0
188,0.0,3,male,40.0,1,1,15.5,Queenstown,0.0
189,0.0,3,male,36.0,0,0,7.8958,Southampton,0.0
190,1.0,2,female,32.0,0,0,13.0,Southampton,1.0
191,0.0,2,male,19.0,0,0,13.0,Southampton,0.0
192,1.0,3,female,19.0,1,0,7.8542,Southampton,1.0
193,1.0,2,male,3.0,1,1,26.0,Southampton,0.0
194,1.0,1,female,44.0,0,0,27.7208,Cherbourg,1.0
195,1.0,1,female,58.0,0,0,146.5208,Cherbourg,1.0
197,0.0,3,male,42.0,0,1,8.4042,Southampton,0.0
199,0.0,2,female,24.0,0,0,13.0,Southampton,1.0
200,0.0,3,male,28.0,0,0,9.5,Southampton,0.0
202,0.0,3,male,34.0,0,0,6.4958,Southampton,0.0
203,0.0,3,male,45.5,0,0,7.225,Cherbourg,0.0
204,1.0,3,male,18.0,0,0,8.05,Southampton,0.0
205,0.0,3,female,2.0,0,1,10.4625,Southampton,1.0
206,0.0,3,male,32.0,1,0,15.85,Southampton,0.0
207,1.0,3,male,26.0,0,0,18.7875,Cherbourg,0.0
208,1.0,3,female,16.0,0,0,7.75,Queenstown,1.0
209,1.0,1,male,40.0,0,0,31.0,Cherbourg,0.0
210,0.0,3,male,24.0,0,0,7.05,Southampton,0.0
211,1.0,2,female,35.0,0,0,21.0,Southampton,1.0
212,0.0,3,male,22.0,0,0,7.25,Southampton,0.0
213,0.0,2,male,30.0,0,0,13.0,Southampton,0.0
215,1.0,1,female,31.0,1,0,113.275,Cherbourg,1.0
216,1.0,3,female,27.0,0,0,7.925,Southampton,1.0
217,0.0,2,male,42.0,1,0,27.0,Southampton,0.0
218,1.0,1,female,32.0,0,0,76.2917,Cherbourg,1.0
219,0.0,2,male,30.0,0,0,10.5,Southampton,0.0
220,1.0,3,male,16.0,0,0,8.05,Southampton,0.0
221,0.0,2,male,27.0,0,0,13.0,Southampton,0.0
222,0.0,3,male,51.0,0,0,8.05,Southampton,0.0
224,1.0,1,male,38.0,1,0,90.0,Southampton,0.0
225,0.0,3,male,22.0,0,0,9.35,Southampton,0.0
226,1.0,2,male,19.0,0,0,10.5,Southampton,0.0
227,0.0,3,male,20.5,0,0,7.25,Southampton,0.0
228,0.0,2,male,18.0,0,0,13.0,Southampton,0.0
230,1.0,1,female,35.0,1,0,83.475,Southampton,1.0
231,0.0,3,male,29.0,0,0,7.775,Southampton,0.0
232,0.0,2,male,59.0,0,0,13.5,Southampton,0.0
233,1.0,3,female,5.0,4,2,31.3875,Southampton,1.0
234,0.0,2,male,24.0,0,0,10.5,Southampton,0.0
236,0.0,2,male,44.0,1,0,26.0,Southampton,0.0
237,1.0,2,female,8.0,0,2,26.25,Southampton,1.0
238,0.0,2,male,19.0,0,0,10.5,Southampton,0.0
239,0.0,2,male,33.0,0,0,12.275,Southampton,0.0
242,0.0,2,male,29.0,0,0,10.5,Southampton,0.0
243,0.0,3,male,22.0,0,0,7.125,Southampton,0.0
244,0.0,3,male,30.0,0,0,7.225,Cherbourg,0.0
245,0.0,1,male,44.0,2,0,90.0,Southampton,0.0
246,0.0,3,female,25.0,0,0,7.775,Southampton,1.0
247,1.0,2,female,24.0,0,2,14.5,Southampton,1.0
248,1.0,1,male,37.0,1,1,52.5542,Southampton,0.0
249,0.0,2,male,54.0,1,0,26.0,Southampton,0.0
251,0.0,3,female,29.0,1,1,10.4625,Southampton,1.0
252,0.0,1,male,62.0,0,0,26.55,Southampton,0.0
253,0.0,3,male,30.0,1,0,16.1,Southampton,0.0
254,0.0,3,female,41.0,0,2,20.2125,Southampton,1.0
255,1.0,3,female,29.0,0,2,15.2458,Cherbourg,1.0
257,1.0,1,female,30.0,0,0,86.5,Southampton,1.0
258,1.0,1,female,35.0,0,0,512.3292,Cherbourg,1.0
259,1.0,2,female,50.0,0,1,26.0,Southampton,1.0
261,1.0,3,male,3.0,4,2,31.3875,Southampton,0.0
262,0.0,1,male,52.0,1,1,79.65,Southampton,0.0
263,0.0,1,male,40.0,0,0,0.0,Southampton,0.0
265,0.0,2,male,36.0,0,0,10.5,Southampton,0.0
266,0.0,3,male,16.0,4,1,39.6875,Southampton,0.0
267,1.0,3,male,25.0,1,0,7.775,Southampton,0.0
268,1.0,1,female,58.0,0,1,153.4625,Southampton,1.0
269,1.0,1,female,35.0,0,0,135.6333,Cherbourg,1.0
271,1.0,3,male,25.0,0,0,0.0,Southampton,0.0
272,1.0,2,female,41.0,0,1,19.5,Southampton,1.0
273,0.0,1,male,37.0,0,1,29.7,Cherbourg,0.0
275,1.0,1,female,63.0,1,0,77.9583,Cherbourg,1.0
276,0.0,3,female,45.0,0,0,7.75,Southampton,1.0
278,0.0,3,male,7.0,4,1,29.125,Queenstown,0.0
279,1.0,3,female,35.0,1,1,20.25,Southampton,1.0
280,0.0,3,male,65.0,0,0,7.75,Queenstown,0.0
281,0.0,3,male,28.0,0,0,7.8542,Southampton,0.0
282,0.0,3,male,16.0,0,0,9.5,Southampton,0.0
283,1.0,3,male,19.0,0,0,8.05,Southampton,0.0
285,0.0,3,male,33.0,0,0,8.6625,Cherbourg,0.0
286,1.0,3,male,30.0,0,0,9.5,Southampton,0.0
287,0.0,3,male,22.0,0,0,7.8958,Southampton,0.0
288,1.0,2,male,42.0,0,0,13.0,Southampton,0.0
289,1.0,3,female,22.0,0,0,7.75,Queenstown,1.0
290,1.0,1,female,26.0,0,0,78.85,Southampton,1.0
291,1.0,1,female,19.0,1,0,91.0792,Cherbourg,1.0
292,0.0,2,male,36.0,0,0,12.875,Cherbourg,0.0
293,0.0,3,female,24.0,0,0,8.85,Southampton,1.0
294,0.0,3,male,24.0,0,0,7.8958,Southampton,0.0
296,0.0,3,male,23.5,0,0,7.2292,Cherbourg,0.0
297,0.0,1,female,2.0,1,2,151.55,Southampton,1.0
299,1.0,1,female,50.0,0,1,247.5208,Cherbourg,1.0
302,0.0,3,male,19.0,0,0,0.0,Southampton,0.0
305,1.0,1,male,0.92,1,2,151.55,Southampton,0.0
307,1.0,1,female,17.0,1,0,108.9,Cherbourg,1.0
308,0.0,2,male,30.0,1,0,24.0,Cherbourg,0.0
309,1.0,1,female,30.0,0,0,56.9292,Cherbourg,1.0
310,1.0,1,female,24.0,0,0,83.1583,Cherbourg,1.0
311,1.0,1,female,18.0,2,2,262.375,Cherbourg,1.0
312,0.0,2,female,26.0,1,1,26.0,Southampton,1.0
313,0.0,3,male,28.0,0,0,7.8958,Southampton,0.0
314,0.0,2,male,43.0,1,1,26.25,Southampton,0.0
315,1.0,3,female,26.0,0,0,7.8542,Southampton,1.0
316,1.0,2,female,24.0,1,0,26.0,Southampton,1.0
317,0.0,2,male,54.0,0,0,14.0,Southampton,0.0
318,1.0,1,female,31.0,0,2,164.8667,Southampton,1.0
319,1.0,1,female,40.0,1,1,134.5,Cherbourg,1.0
320,0.0,3,male,22.0,0,0,7.25,Southampton,0.0
321,0.0,3,male,27.0,0,0,7.8958,Southampton,0.0
322,1.0,2,female,30.0,0,0,12.35,Queenstown,1.0
323,1.0,2,female,22.0,1,1,29.0,Southampton,1.0
325,1.0,1,female,36.0,0,0,135.6333,Cherbourg,1.0
326,0.0,3,male,61.0,0,0,6.2375,Southampton,0.0
327,1.0,2,female,36.0,0,0,13.0,Southampton,1.0
328,1.0,3,female,31.0,1,1,20.525,Southampton,1.0
329,1.0,1,female,16.0,0,1,57.9792,Cherbourg,1.0
331,0.0,1,male,45.5,0,0,28.5,Southampton,0.0
332,0.0,1,male,38.0,0,1,153.4625,Southampton,0.0
333,0.0,3,male,16.0,2,0,18.0,Southampton,0.0
336,0.0,1,male,29.0,1,0,66.6,Southampton,0.0
337,1.0,1,female,41.0,0,0,134.5,Cherbourg,1.0
338,1.0,3,male,45.0,0,0,8.05,Southampton,0.0
339,0.0,1,male,45.0,0,0,35.5,Southampton,0.0
340,1.0,2,male,2.0,1,1,26.0,Southampton,0.0
341,1.0,1,female,24.0,3,2,263.0,Southampton,1.0
342,0.0,2,male,28.0,0,0,13.0,Southampton,0.0
343,0.0,2,male,25.0,0,0,13.0,Southampton,0.0
344,0.0,2,male,36.0,0,0,13.0,Southampton,0.0
345,1.0,2,female,24.0,0,0,13.0,Southampton,1.0
346,1.0,2,female,40.0,0,0,13.0,Southampton,1.0
348,1.0,3,male,3.0,1,1,15.9,Southampton,0.0
349,0.0,3,male,42.0,0,0,8.6625,Southampton,0.0
350,0.0,3,male,23.0,0,0,9.225,Southampton,0.0
352,0.0,3,male,15.0,1,1,7.2292,Cherbourg,0.0
353,0.0,3,male,25.0,1,0,17.8,Southampton,0.0
355,0.0,3,male,28.0,0,0,9.5,Southampton,0.0
356,1.0,1,female,22.0,0,1,55.0,Southampton,1.0
357,0.0,2,female,38.0,0,0,13.0,Southampton,1.0
360,0.0,3,male,40.0,1,4,27.9,Southampton,0.0
361,0.0,2,male,29.0,1,0,27.7208,Cherbourg,0.0
362,0.0,3,female,45.0,0,1,14.4542,Cherbourg,1.0
363,0.0,3,male,35.0,0,0,7.05,Southampton,0.0
365,0.0,3,male,30.0,0,0,7.25,Southampton,0.0
366,1.0,1,female,60.0,1,0,75.25,Cherbourg,1.0
369,1.0,1,female,24.0,0,0,69.3,Cherbourg,1.0
370,1.0,1,male,25.0,1,0,55.4417,Cherbourg,0.0
371,0.0,3,male,18.0,1,0,6.4958,Southampton,0.0
372,0.0,3,male,19.0,0,0,8.05,Southampton,0.0
373,0.0,1,male,22.0,0,0,135.6333,Cherbourg,0.0
374,0.0,3,female,3.0,3,1,21.075,Southampton,1.0
376,1.0,3,female,22.0,0,0,7.25,Southampton,1.0
377,0.0,1,male,27.0,0,2,211.5,Southampton,0.0
378,0.0,3,male,20.0,0,0,4.0125,Cherbourg,0.0
379,0.0,3,male,19.0,0,0,7.775,Southampton,0.0
380,1.0,1,female,42.0,0,0,227.525,Cherbourg,1.0
381,1.0,3,female,1.0,0,2,15.7417,Cherbourg,1.0
382,0.0,3,male,32.0,0,0,7.925,Southampton,0.0
383,1.0,1,female,35.0,1,0,52.0,Southampton,1.0
385,0.0,2,male,18.0,0,0,73.5,Southampton,0.0
386,0.0,3,male,1.0,5,2,46.9,Southampton,0.0
387,1.0,2,female,36.0,0,0,13.0,Southampton,1.0
389,1.0,2,female,17.0,0,0,12.0,Cherbourg,1.0
390,1.0,1,male,36.0,1,2,120.0,Southampton,0.0
391,1.0,3,male,21.0,0,0,7.7958,Southampton,0.0
392,0.0,3,male,28.0,2,0,7.925,Southampton,0.0
393,1.0,1,female,23.0,1,0,113.275,Cherbourg,1.0
394,1.0,3,female,24.0,0,2,16.7,Southampton,1.0
395,0.0,3,male,22.0,0,0,7.7958,Southampton,0.0
396,0.0,3,female,31.0,0,0,7.8542,Southampton,1.0
397,0.0,2,male,46.0,0,0,26.0,Southampton,0.0
398,0.0,2,male,23.0,0,0,10.5,Southampton,0.0
399,1.0,2,female,28.0,0,0,12.65,Southampton,1.0
400,1.0,3,male,39.0,0,0,7.925,Southampton,0.0
401,0.0,3,male,26.0,0,0,8.05,Southampton,0.0
402,0.0,3,female,21.0,1,0,9.825,Southampton,1.0
403,0.0,3,male,28.0,1,0,15.85,Southampton,0.0
404,0.0,3,female,20.0,0,0,8.6625,Southampton,1.0
405,0.0,2,male,34.0,1,0,21.0,Southampton,0.0
406,0.0,3,male,51.0,0,0,7.75,Southampton,0.0
407,1.0,2,male,3.0,1,1,18.75,Southampton,0.0
408,0.0,3,male,21.0,0,0,7.775,Southampton,0.0
412,1.0,1,female,33.0,1,0,90.0,Southampton,1.0
414,1.0,3,male,44.0,0,0,7.925,Southampton,0.0
416,1.0,2,female,34.0,1,1,32.5,Southampton,1.0
417,1.0,2,female,18.0,0,2,13.0,Southampton,1.0
418,0.0,2,male,30.0,0,0,13.0,Southampton,0.0
419,0.0,3,female,10.0,0,2,24.15,Southampton,1.0
421,0.0,3,male,21.0,0,0,7.7333,Queenstown,0.0
422,0.0,3,male,29.0,0,0,7.875,Southampton,0.0
423,0.0,3,female,28.0,1,1,14.4,Southampton,1.0
424,0.0,3,male,18.0,1,1,20.2125,Southampton,0.0
426,1.0,2,female,28.0,1,0,26.0,Southampton,1.0
427,1.0,2,female,19.0,0,0,26.0,Southampton,1.0
429,1.0,3,male,32.0,0,0,8.05,Southampton,0.0
430,1.0,1,male,28.0,0,0,26.55,Southampton,0.0
432,1.0,2,female,42.0,1,0,26.0,Southampton,1.0
433,0.0,3,male,17.0,0,0,7.125,Southampton,0.0
434,0.0,1,male,50.0,1,0,55.9,Cherbourg,0.0
435,1.0,1,female,14.0,1,2,120.0,Southampton,1.0
436,0.0,3,female,21.0,2,2,34.375,Southampton,1.0
437,1.0,2,female,24.0,2,3,18.75,Southampton,1.0
438,0.0,1,male,64.0,1,4,263.0,Southampton,0.0
439,0.0,2,male,31.0,0,0,10.5,Southampton,0.0
440,1.0,2,female,45.0,1,1,26.25,Southampton,1.0
441,0.0,3,male,20.0,0,0,9.5,Southampton,0.0
442,0.0,3,male,25.0,1,0,7.775,Southampton,0.0
443,1.0,2,female,28.0,0,0,13.0,Southampton,1.0
445,1.0,1,male,4.0,0,2,81.8583,Southampton,0.0
446,1.0,2,female,13.0,0,1,19.5,Southampton,1.0
447,1.0,1,male,34.0,0,0,26.55,Southampton,0.0
448,1.0,3,female,5.0,2,1,19.2583,Cherbourg,1.0
449,1.0,1,male,52.0,0,0,30.5,Southampton,0.0
450,0.0,2,male,36.0,1,2,27.75,Southampton,0.0
452,0.0,1,male,30.0,0,0,27.75,Southampton,0.0
453,1.0,1,male,49.0,1,0,89.1042,Cherbourg,0.0
455,1.0,3,male,29.0,0,0,7.8958,Cherbourg,0.0
456,0.0,1,male,65.0,0,0,26.55,Cherbourg,0.0
458,1.0,2,female,50.0,0,0,10.5,Southampton,1.0
460,1.0,1,male,48.0,0,0,26.55,Southampton,0.0
461,0.0,3,male,34.0,0,0,8.05,Southampton,0.0
462,0.0,1,male,47.0,0,0,38.5,Southampton,0.0
463,0.0,2,male,48.0,0,0,13.0,Southampton,0.0
465,0.0,3,male,38.0,0,0,7.05,Southampton,0.0
467,0.0,1,male,56.0,0,0,26.55,Southampton,0.0
469,1.0,3,female,0.75,2,1,19.2583,Cherbourg,1.0
471,0.0,3,male,38.0,0,0,8.6625,Southampton,0.0
472,1.0,2,female,33.0,1,2,27.75,Southampton,1.0
473,1.0,2,female,23.0,0,0,13.7917,Southampton,1.0
474,0.0,3,female,22.0,0,0,9.8375,Southampton,1.0
476,0.0,2,male,34.0,1,0,21.0,Southampton,0.0
477,0.0,3,male,29.0,1,0,7.0458,Southampton,0.0
478,0.0,3,male,22.0,0,0,7.5208,Southampton,0.0
479,1.0,3,female,2.0,0,1,12.2875,Southampton,1.0
480,0.0,3,male,9.0,5,2,46.9,Southampton,0.0
482,0.0,3,male,50.0,0,0,8.05,Southampton,0.0
483,1.0,3,female,63.0,0,0,9.5875,Southampton,1.0
484,1.0,1,male,25.0,1,0,91.0792,Cherbourg,0.0
486,1.0,1,female,35.0,1,0,90.0,Southampton,1.0
487,0.0,1,male,58.0,0,0,29.7,Cherbourg,0.0
488,0.0,3,male,30.0,0,0,8.05,Southampton,0.0
489,1.0,3,male,9.0,1,1,15.9,Southampton,0.0
491,0.0,3,male,21.0,0,0,7.25,Southampton,0.0
492,0.0,1,male,55.0,0,0,30.5,Southampton,0.0
493,0.0,1,male,71.0,0,0,49.5042,Cherbourg,0.0
494,0.0,3,male,21.0,0,0,8.05,Southampton,0.0
496,1.0,1,female,54.0,1,0,78.2667,Cherbourg,1.0
498,0.0,1,female,25.0,1,2,151.55,Southampton,1.0
499,0.0,3,male,24.0,0,0,7.7958,Southampton,0.0
500,0.0,3,male,17.0,0,0,8.6625,Southampton,0.0
501,0.0,3,female,21.0,0,0,7.75,Queenstown,1.0
503,0.0,3,female,37.0,0,0,9.5875,Southampton,1.0
504,1.0,1,female,16.0,0,0,86.5,Southampton,1.0
505,0.0,1,male,18.0,1,0,108.9,Cherbourg,0.0
506,1.0,2,female,33.0,0,2,26.0,Southampton,1.0
508,0.0,3,male,28.0,0,0,22.525,Southampton,0.0
509,1.0,3,male,26.0,0,0,56.4958,Southampton,0.0
510,1.0,3,male,29.0,0,0,7.75,Queenstown,0.0
512,1.0,1,male,36.0,0,0,26.2875,Southampton,0.0
513,1.0,1,female,54.0,1,0,59.4,Cherbourg,1.0
514,0.0,3,male,24.0,0,0,7.4958,Southampton,0.0
515,0.0,1,male,47.0,0,0,34.0208,Southampton,0.0
516,1.0,2,female,34.0,0,0,10.5,Southampton,1.0
518,1.0,2,female,36.0,1,0,26.0,Southampton,1.0
519,0.0,3,male,32.0,0,0,7.8958,Southampton,0.0
520,1.0,1,female,30.0,0,0,93.5,Southampton,1.0
521,0.0,3,male,22.0,0,0,7.8958,Southampton,0.0
523,1.0,1,female,44.0,0,1,57.9792,Cherbourg,1.0
525,0.0,3,male,40.5,0,0,7.75,Queenstown,0.0
526,1.0,2,female,50.0,0,0,10.5,Southampton,1.0
528,0.0,3,male,39.0,0,0,7.925,Southampton,0.0
529,0.0,2,male,23.0,2,1,11.5,Southampton,0.0
530,1.0,2,female,2.0,1,1,26.0,Southampton,1.0
532,0.0,3,male,17.0,1,1,7.2292,Cherbourg,0.0
534,0.0,3,female,30.0,0,0,8.6625,Southampton,1.0
535,1.0,2,female,7.0,0,2,26.25,Southampton,1.0
536,0.0,1,male,45.0,0,0,26.55,Southampton,0.0
537,1.0,1,female,30.0,0,0,106.425,Cherbourg,1.0
539,1.0,1,female,22.0,0,2,49.5,Cherbourg,1.0
540,1.0,1,female,36.0,0,2,71.0,Southampton,1.0
541,0.0,3,female,9.0,4,2,31.275,Southampton,1.0
542,0.0,3,female,11.0,4,2,31.275,Southampton,1.0
543,1.0,2,male,32.0,1,0,26.0,Southampton,0.0
544,0.0,1,male,50.0,1,0,106.425,Cherbourg,0.0
545,0.0,1,male,64.0,0,0,26.0,Southampton,0.0
546,1.0,2,female,19.0,1,0,26.0,Southampton,1.0
548,0.0,3,male,33.0,1,1,20.525,Southampton,0.0
549,1.0,2,male,8.0,1,1,36.75,Southampton,0.0
550,1.0,1,male,17.0,0,2,110.8833,Cherbourg,0.0
551,0.0,2,male,27.0,0,0,26.0,Southampton,0.0
553,1.0,3,male,22.0,0,0,7.225,Cherbourg,0.0
554,1.0,3,female,22.0,0,0,7.775,Southampton,1.0
555,0.0,1,male,62.0,0,0,26.55,Southampton,0.0
556,1.0,1,female,48.0,1,0,39.6,Cherbourg,1.0
558,1.0,1,female,39.0,1,1,79.65,Southampton,1.0
559,1.0,3,female,36.0,1,0,17.4,Southampton,1.0
561,0.0,3,male,40.0,0,0,7.8958,Southampton,0.0
562,0.0,2,male,28.0,0,0,13.5,Southampton,0.0
565,0.0,3,male,24.0,2,0,24.15,Southampton,0.0
566,0.0,3,male,19.0,0,0,7.8958,Southampton,0.0
567,0.0,3,female,29.0,0,4,21.075,Southampton,1.0
569,1.0,3,male,32.0,0,0,7.8542,Southampton,0.0
570,1.0,2,male,62.0,0,0,10.5,Southampton,0.0
571,1.0,1,female,53.0,2,0,51.4792,Southampton,1.0
572,1.0,1,male,36.0,0,0,26.3875,Southampton,0.0
574,0.0,3,male,16.0,0,0,8.05,Southampton,0.0
575,0.0,3,male,19.0,0,0,14.5,Southampton,0.0
576,1.0,2,female,34.0,0,0,13.0,Southampton,1.0
577,1.0,1,female,39.0,1,0,55.9,Cherbourg,1.0
579,1.0,3,male,32.0,0,0,7.925,Southampton,0.0
580,1.0,2,female,25.0,1,1,30.0,Southampton,1.0
581,1.0,1,female,39.0,1,1,110.8833,Cherbourg,1.0
582,0.0,2,male,54.0,0,0,26.0,Southampton,0.0
583,0.0,1,male,36.0,0,0,40.125,Southampton,0.0
585,1.0,1,female,18.0,0,2,79.65,Southampton,1.0
586,0.0,2,male,47.0,0,0,15.0,Southampton,0.0
587,1.0,1,male,60.0,1,1,79.2,Cherbourg,0.0
588,0.0,3,male,22.0,0,0,8.05,Southampton,0.0
590,0.0,3,male,35.0,0,0,7.125,Southampton,0.0
591,1.0,1,female,52.0,1,0,78.2667,Cherbourg,1.0
592,0.0,3,male,47.0,0,0,7.25,Southampton,0.0
594,0.0,2,male,37.0,1,0,26.0,Southampton,0.0
595,0.0,3,male,36.0,1,1,24.15,Southampton,0.0
597,0.0,3,male,49.0,0,0,0.0,Southampton,0.0
599,1.0,1,male,49.0,1,0,56.9292,Cherbourg,0.0
600,1.0,2,female,24.0,2,1,27.0,Southampton,1.0
603,0.0,3,male,44.0,0,0,8.05,Southampton,0.0
604,1.0,1,male,35.0,0,0,26.55,Southampton,0.0
605,0.0,3,male,36.0,1,0,15.55,Southampton,0.0
606,0.0,3,male,30.0,0,0,7.8958,Southampton,0.0
607,1.0,1,male,27.0,0,0,30.5,Southampton,0.0
608,1.0,2,female,22.0,1,2,41.5792,Cherbourg,1.0
609,1.0,1,female,40.0,0,0,153.4625,Southampton,1.0
610,0.0,3,female,39.0,1,5,31.275,Southampton,1.0
614,0.0,3,male,35.0,0,0,8.05,Southampton,0.0
615,1.0,2,female,24.0,1,2,65.0,Southampton,1.0
616,0.0,3,male,34.0,1,1,14.4,Southampton,0.0
617,0.0,3,female,26.0,1,0,16.1,Southampton,1.0
618,1.0,2,female,4.0,2,1,39.0,Southampton,1.0
619,0.0,2,male,26.0,0,0,10.5,Southampton,0.0
620,0.0,3,male,27.0,1,0,14.4542,Cherbourg,0.0
621,1.0,1,male,42.0,1,0,52.5542,Southampton,0.0
622,1.0,3,male,20.0,1,1,15.7417,Cherbourg,0.0
623,0.0,3,male,21.0,0,0,7.8542,Southampton,0.0
624,0.0,3,male,21.0,0,0,16.1,Southampton,0.0
625,0.0,1,male,61.0,0,0,32.3208,Southampton,0.0
626,0.0,2,male,57.0,0,0,12.35,Queenstown,0.0
627,1.0,1,female,21.0,0,0,77.9583,Cherbourg,1.0
628,0.0,3,male,26.0,0,0,7.8958,Southampton,0.0
630,1.0,1,male,80.0,0,0,30.0,Southampton,0.0
631,0.0,3,male,51.0,0,0,7.0542,Southampton,0.0
632,1.0,1,male,32.0,0,0,30.5,Southampton,0.0
634,0.0,3,female,9.0,3,2,27.9,Southampton,1.0
635,1.0,2,female,28.0,0,0,13.0,Southampton,1.0
636,0.0,3,male,32.0,0,0,7.925,Southampton,0.0
637,0.0,2,male,31.0,1,1,26.25,Southampton,0.0
638,0.0,3,female,41.0,0,5,39.6875,Southampton,1.0
640,0.0,3,male,20.0,0,0,7.8542,Southampton,0.0
641,1.0,1,female,24.0,0,0,69.3,Cherbourg,1.0
642,0.0,3,female,2.0,3,2,27.9,Southampton,1.0
644,1.0,3,female,0.75,2,1,19.2583,Cherbourg,1.0
645,1.0,1,male,48.0,1,0,76.7292,Cherbourg,0.0
646,0.0,3,male,19.0,0,0,7.8958,Southampton,0.0
647,1.0,1,male,56.0,0,0,35.5,Southampton,0.0
649,1.0,3,female,23.0,0,0,7.55,Southampton,1.0
651,1.0,2,female,18.0,0,1,23.0,Southampton,1.0
652,0.0,3,male,21.0,0,0,8.4333,Southampton,0.0
654,0.0,3,female,18.0,0,0,6.75,Queenstown,1.0
655,0.0,2,male,24.0,2,0,73.5,Southampton,0.0
657,0.0,3,female,32.0,1,1,15.5,Queenstown,1.0
658,0.0,2,male,23.0,0,0,13.0,Southampton,0.0
659,0.0,1,male,58.0,0,2,113.275,Cherbourg,0.0
660,1.0,1,male,50.0,2,0,133.65,Southampton,0.0
661,0.0,3,male,40.0,0,0,7.225,Cherbourg,0.0
662,0.0,1,male,47.0,0,0,25.5875,Southampton,0.0
663,0.0,3,male,36.0,0,0,7.4958,Southampton,0.0
664,1.0,3,male,20.0,1,0,7.925,Southampton,0.0
665,0.0,2,male,32.0,2,0,73.5,Southampton,0.0
666,0.0,2,male,25.0,0,0,13.0,Southampton,0.0
668,0.0,3,male,43.0,0,0,8.05,Southampton,0.0
670,1.0,2,female,40.0,1,1,39.0,Southampton,1.0
671,0.0,1,male,31.0,1,0,52.0,Southampton,0.0
672,0.0,2,male,70.0,0,0,10.5,Southampton,0.0
673,1.0,2,male,31.0,0,0,13.0,Southampton,0.0
675,0.0,3,male,18.0,0,0,7.775,Southampton,0.0
676,0.0,3,male,24.5,0,0,8.05,Southampton,0.0
677,1.0,3,female,18.0,0,0,9.8417,Southampton,1.0
678,0.0,3,female,43.0,1,6,46.9,Southampton,1.0
679,1.0,1,male,36.0,0,1,512.3292,Cherbourg,0.0
681,1.0,1,male,27.0,0,0,76.7292,Cherbourg,0.0
682,0.0,3,male,20.0,0,0,9.225,Southampton,0.0
683,0.0,3,male,14.0,5,2,46.9,Southampton,0.0
684,0.0,2,male,60.0,1,1,39.0,Southampton,0.0
685,0.0,2,male,25.0,1,2,41.5792,Cherbourg,0.0
686,0.0,3,male,14.0,4,1,39.6875,Southampton,0.0
687,0.0,3,male,19.0,0,0,10.1708,Southampton,0.0
688,0.0,3,male,18.0,0,0,7.7958,Southampton,0.0
689,1.0,1,female,15.0,0,1,211.3375,Southampton,1.0
690,1.0,1,male,31.0,1,0,57.0,Southampton,0.0
691,1.0,3,female,4.0,0,1,13.4167,Southampton,1.0
693,0.0,3,male,25.0,0,0,7.225,Cherbourg,0.0
694,0.0,1,male,60.0,0,0,26.55,Southampton,0.0
695,0.0,2,male,52.0,0,0,13.5,Southampton,0.0
696,0.0,3,male,44.0,0,0,8.05,Queenstown,0.0
698,0.0,1,male,49.0,1,1,110.8833,Cherbourg,0.0
699,0.0,3,male,42.0,0,0,7.65,Southampton,0.0
700,1.0,1,female,18.0,1,0,227.525,Cherbourg,1.0
701,1.0,1,male,35.0,0,0,26.2875,Southampton,0.0
702,0.0,3,female,18.0,0,1,14.4542,Cherbourg,1.0
703,0.0,3,male,25.0,0,0,7.7417,Queenstown,0.0
704,0.0,3,male,26.0,1,0,7.8542,Southampton,0.0
705,0.0,2,male,39.0,0,0,26.0,Southampton,0.0
706,1.0,2,female,45.0,0,0,13.5,Southampton,1.0
707,1.0,1,male,42.0,0,0,26.2875,Southampton,0.0
708,1.0,1,female,22.0,0,0,151.55,Southampton,1.0
710,1.0,1,female,24.0,0,0,49.5042,Cherbourg,1.0
712,1.0,1,male,48.0,1,0,52.0,Southampton,0.0
713,0.0,3,male,29.0,0,0,9.4833,Southampton,0.0
714,0.0,2,male,52.0,0,0,13.0,Southampton,0.0
715,0.0,3,male,19.0,0,0,7.65,Southampton,0.0
716,1.0,1,female,38.0,0,0,227.525,Cherbourg,1.0
717,1.0,2,female,27.0,0,0,10.5,Southampton,1.0
719,0.0,3,male,33.0,0,0,7.775,Southampton,0.0
720,1.0,2,female,6.0,0,1,33.0,Southampton,1.0
721,0.0,3,male,17.0,1,0,7.0542,Southampton,0.0
722,0.0,2,male,34.0,0,0,13.0,Southampton,0.0
723,0.0,2,male,50.0,0,0,13.0,Southampton,0.0
724,1.0,1,male,27.0,1,0,53.1,Southampton,0.0
725,0.0,3,male,20.0,0,0,8.6625,Southampton,0.0
726,1.0,2,female,30.0,3,0,21.0,Southampton,1.0
728,0.0,2,male,25.0,1,0,26.0,Southampton,0.0
729,0.0,3,female,25.0,1,0,7.925,Southampton,1.0
730,1.0,1,female,29.0,0,0,211.3375,Southampton,1.0
731,0.0,3,male,11.0,0,0,18.7875,Cherbourg,0.0
733,0.0,2,male,23.0,0,0,13.0,Southampton,0.0
734,0.0,2,male,23.0,0,0,13.0,Southampton,0.0
735,0.0,3,male,28.5,0,0,16.1,Southampton,0.0
736,0.0,3,female,48.0,1,3,34.375,Southampton,1.0
737,1.0,1,male,35.0,0,0,512.3292,Cherbourg,0.0
741,0.0,1,male,36.0,1,0,78.85,Southampton,0.0
742,1.0,1,female,21.0,2,2,262.375,Cherbourg,1.0
743,0.0,3,male,24.0,1,0,16.1,Southampton,0.0
744,1.0,3,male,31.0,0,0,7.925,Southampton,0.0
745,0.0,1,male,70.0,1,1,71.0,Southampton,0.0
746,0.0,3,male,16.0,1,1,20.25,Southampton,0.0
747,1.0,2,female,30.0,0,0,13.0,Southampton,1.0
748,0.0,1,male,19.0,1,0,53.1,Southampton,0.0
749,0.0,3,male,31.0,0,0,7.75,Queenstown,0.0
750,1.0,2,female,4.0,1,1,23.0,Southampton,1.0
751,1.0,3,male,6.0,0,1,12.475,Southampton,0.0
752,0.0,3,male,33.0,0,0,9.5,Southampton,0.0
753,0.0,3,male,23.0,0,0,7.8958,Southampton,0.0
754,1.0,2,female,48.0,1,2,65.0,Southampton,1.0
755,1.0,2,male,0.67,1,1,14.5,Southampton,0.0
756,0.0,3,male,28.0,0,0,7.7958,Southampton,0.0
757,0.0,2,male,18.0,0,0,11.5,Southampton,0.0
758,0.0,3,male,34.0,0,0,8.05,Southampton,0.0
759,1.0,1,female,33.0,0,0,86.5,Southampton,1.0
761,0.0,3,male,41.0,0,0,7.125,Southampton,0.0
762,1.0,3,male,20.0,0,0,7.2292,Cherbourg,0.0
763,1.0,1,female,36.0,1,2,120.0,Southampton,1.0
764,0.0,3,male,16.0,0,0,7.775,Southampton,0.0
765,1.0,1,female,51.0,1,0,77.9583,Cherbourg,1.0
767,0.0,3,female,30.5,0,0,7.75,Queenstown,1.0
769,0.0,3,male,32.0,0,0,8.3625,Southampton,0.0
770,0.0,3,male,24.0,0,0,9.5,Southampton,0.0
771,0.0,3,male,48.0,0,0,7.8542,Southampton,0.0
772,0.0,2,female,57.0,0,0,10.5,Southampton,1.0
774,1.0,2,female,54.0,1,3,23.0,Southampton,1.0
775,0.0,3,male,18.0,0,0,7.75,Southampton,0.0
777,1.0,3,female,5.0,0,0,12.475,Southampton,1.0
779,1.0,1,female,43.0,0,1,211.3375,Southampton,1.0
780,1.0,3,female,13.0,0,0,7.2292,Cherbourg,1.0
781,1.0,1,female,17.0,1,0,57.0,Southampton,1.0
782,0.0,1,male,29.0,0,0,30.0,Southampton,0.0
784,0.0,3,male,25.0,0,0,7.05,Southampton,0.0
785,0.0,3,male,25.0,0,0,7.25,Southampton,0.0
786,1.0,3,female,18.0,0,0,7.4958,Southampton,1.0
787,0.0,3,male,8.0,4,1,29.125,Queenstown,0.0
788,1.0,3,male,1.0,1,2,20.575,Southampton,0.0
789,0.0,1,male,46.0,0,0,79.2,Cherbourg,0.0
791,0.0,2,male,16.0,0,0,26.0,Southampton,0.0
794,0.0,3,male,25.0,0,0,7.8958,Southampton,0.0
795,0.0,2,male,39.0,0,0,13.0,Southampton,0.0
796,1.0,1,female,49.0,0,0,25.9292,Southampton,1.0
797,1.0,3,female,31.0,0,0,8.6833,Southampton,1.0
798,0.0,3,male,30.0,0,0,7.2292,Cherbourg,0.0
799,0.0,3,female,30.0,1,1,24.15,Southampton,1.0
800,0.0,2,male,34.0,0,0,13.0,Southampton,0.0
801,1.0,2,female,31.0,1,1,26.25,Southampton,1.0
802,1.0,1,male,11.0,1,2,120.0,Southampton,0.0
803,1.0,3,male,0.42,0,1,8.5167,Cherbourg,0.0
804,1.0,3,male,27.0,0,0,6.975,Southampton,0.0
805,0.0,3,male,31.0,0,0,7.775,Southampton,0.0
806,0.0,1,male,39.0,0,0,0.0,Belfast,0.0
807,0.0,3,female,18.0,0,0,7.775,Southampton,1.0
808,0.0,2,male,39.0,0,0,13.0,Southampton,0.0
809,1.0,1,female,33.0,1,0,53.1,Southampton,1.0
810,0.0,3,male,26.0,0,0,7.8875,Southampton,0.0
811,0.0,3,male,39.0,0,0,24.15,Southampton,0.0
812,0.0,2,male,35.0,0,0,10.5,Southampton,0.0
813,0.0,3,female,6.0,4,2,31.275,Southampton,1.0
814,0.0,3,male,30.5,0,0,8.05,Southampton,0.0
816,0.0,3,female,23.0,0,0,7.925,Southampton,1.0
817,0.0,2,male,31.0,1,1,37.0042,Cherbourg,0.0
818,0.0,3,male,43.0,0,0,6.45,Southampton,0.0
819,0.0,3,male,10.0,3,2,27.9,Southampton,0.0
820,1.0,1,female,52.0,1,1,93.5,Southampton,1.0
821,1.0,3,male,27.0,0,0,8.6625,Southampton,0.0
822,0.0,1,male,38.0,0,0,0.0,Southampton,0.0
823,1.0,3,female,27.0,0,1,12.475,Southampton,1.0
824,0.0,3,male,2.0,4,1,39.6875,Southampton,0.0
827,1.0,2,male,1.0,0,2,37.0042,Cherbourg,0.0
829,1.0,1,female,62.0,0,0,80.0,Southampton,1.0
830,1.0,3,female,15.0,1,0,14.4542,Cherbourg,1.0
831,1.0,2,male,0.83,1,1,18.75,Southampton,0.0
833,0.0,3,male,23.0,0,0,7.8542,Southampton,0.0
834,0.0,3,male,18.0,0,0,8.3,Southampton,0.0
835,1.0,1,female,39.0,1,1,83.1583,Cherbourg,1.0
836,0.0,3,male,21.0,0,0,8.6625,Southampton,0.0
838,1.0,3,male,32.0,0,0,56.4958,Southampton,0.0
840,0.0,3,male,20.0,0,0,7.925,Southampton,0.0
841,0.0,2,male,16.0,0,0,10.5,Southampton,0.0
842,1.0,1,female,30.0,0,0,31.0,Southampton,1.0
843,0.0,3,male,34.5,0,0,6.4375,Cherbourg,0.0
844,0.0,3,male,17.0,0,0,8.6625,Southampton,0.0
845,0.0,3,male,42.0,0,0,7.55,Southampton,0.0
847,0.0,3,male,35.0,0,0,7.8958,Southampton,0.0
848,0.0,2,male,28.0,0,1,33.0,Southampton,0.0
850,0.0,3,male,4.0,4,2,31.275,Southampton,0.0
851,0.0,3,male,74.0,0,0,7.775,Southampton,0.0
852,0.0,3,female,9.0,1,1,15.2458,Cherbourg,1.0
853,1.0,1,female,16.0,0,1,39.4,Cherbourg,1.0
854,0.0,2,female,44.0,1,0,26.0,Southampton,1.0
855,1.0,3,female,18.0,0,1,9.35,Southampton,1.0
856,1.0,1,female,45.0,1,1,164.8667,Southampton,1.0
857,1.0,1,male,51.0,0,0,26.55,Southampton,0.0
858,1.0,3,female,24.0,0,3,19.2583,Cherbourg,1.0
860,0.0,3,male,41.0,2,0,14.1083,Southampton,0.0
861,0.0,2,male,21.0,1,0,11.5,Southampton,0.0
862,1.0,1,female,48.0,0,0,25.9292,Southampton,1.0
864,0.0,2,male,24.0,0,0,13.0,Southampton,0.0
865,1.0,2,female,42.0,0,0,13.0,Southampton,1.0
866,1.0,2,female,27.0,1,0,13.8583,Cherbourg,1.0
867,0.0,1,male,31.0,0,0,50.4958,Southampton,0.0
869,1.0,3,male,4.0,1,1,11.1333,Southampton,0.0
870,0.0,3,male,26.0,0,0,7.8958,Southampton,0.0
871,1.0,1,female,47.0,1,1,52.5542,Southampton,1.0
872,0.0,1,male,33.0,0,0,5.0,Southampton,0.0
873,0.0,3,male,47.0,0,0,9.0,Southampton,0.0
874,1.0,2,female,28.0,1,0,24.0,Cherbourg,1.0
875,1.0,3,female,15.0,0,0,7.225,Cherbourg,1.0
876,0.0,3,male,20.0,0,0,9.8458,Southampton,0.0
877,0.0,3,male,19.0,0,0,7.8958,Southampton,0.0
879,1.0,1,female,56.0,0,1,83.1583,Cherbourg,1.0
880,1.0,2,female,25.0,0,1,26.0,Southampton,1.0
881,0.0,3,male,33.0,0,0,7.8958,Cherbourg,0.0
882,0.0,3,female,22.0,0,0,10.5167,Southampton,1.0
883,0.0,2,male,28.0,0,0,10.5,Southampton,0.0
884,0.0,3,male,25.0,0,0,7.05,Southampton,0.0
885,0.0,3,female,39.0,0,5,29.125,Queenstown,1.0
886,0.0,2,male,27.0,0,0,13.0,Southampton,0.0
887,1.0,1,female,19.0,0,0,30.0,Southampton,1.0
889,1.0,1,male,26.0,0,0,30.0,Cherbourg,0.0
890,0.0,3,male,32.0,0,0,7.75,Queenstown,0.0
891,,3,male,34.5,0,0,7.8292,Southampton,0.0
892,,3,female,47.0,1,0,7.0,Southampton,1.0
893,,2,male,62.0,0,0,9.6875,Queenstown,0.0
894,,3,male,27.0,0,0,8.6625,Southampton,0.0
895,,3,female,22.0,1,1,12.2875,Southampton,1.0
896,,3,male,14.0,0,0,9.225,Southampton,0.0
897,,3,female,30.0,0,0,7.6292,Queenstown,1.0
898,,2,male,26.0,1,1,29.0,Southampton,0.0
899,,3,female,18.0,0,0,7.2292,Cherbourg,1.0
900,,3,male,21.0,2,0,24.15,Southampton,0.0
902,,1,male,46.0,0,0,26.0,Southampton,0.0
903,,1,female,23.0,1,0,82.2667,Southampton,1.0
904,,2,male,63.0,1,0,26.0,Southampton,0.0
905,,1,female,47.0,1,0,61.175,Southampton,1.0
906,,2,female,24.0,1,0,27.7208,Cherbourg,1.0
907,,2,male,35.0,0,0,12.35,Queenstown,0.0
908,,3,male,21.0,0,0,7.225,Cherbourg,0.0
909,,3,female,27.0,1,0,7.925,Southampton,1.0
910,,3,female,45.0,0,0,7.225,Cherbourg,1.0
911,,1,male,55.0,1,0,59.4,Cherbourg,0.0
912,,3,male,9.0,0,1,3.1708,Southampton,0.0
914,,1,male,21.0,0,1,61.3792,Cherbourg,0.0
915,,1,female,48.0,1,3,262.375,Cherbourg,1.0
916,,3,male,50.0,1,0,14.5,Southampton,0.0
917,,1,female,22.0,0,1,61.9792,Southampton,1.0
918,,3,male,22.5,0,0,7.225,Cherbourg,0.0
919,,1,male,41.0,0,0,30.5,Southampton,0.0
921,,2,male,50.0,1,0,26.0,Southampton,0.0
922,,2,male,24.0,2,0,31.5,Southampton,0.0
923,,3,female,33.0,1,2,20.575,Southampton,1.0
925,,1,male,30.0,1,0,57.75,Cherbourg,0.0
926,,3,male,18.5,0,0,7.2292,Cherbourg,0.0
928,,3,female,21.0,0,0,8.6625,Southampton,1.0
929,,3,male,25.0,0,0,9.5,Southampton,0.0
931,,3,male,39.0,0,1,13.4167,Southampton,0.0
933,,3,male,41.0,0,0,7.85,Southampton,0.0
934,,2,female,30.0,0,0,13.0,Southampton,1.0
935,,1,female,45.0,1,0,52.5542,Southampton,1.0
936,,3,male,25.0,0,0,7.925,Southampton,0.0
937,,1,male,45.0,0,0,29.7,Cherbourg,0.0
939,,1,female,60.0,0,0,76.2917,Cherbourg,1.0
940,,3,female,36.0,0,2,15.9,Southampton,1.0
941,,1,male,24.0,1,0,60.0,Cherbourg,0.0
942,,2,male,27.0,0,0,15.0333,Southampton,0.0
943,,2,female,20.0,2,1,23.0,Southampton,1.0
944,,1,female,28.0,3,2,263.0,Southampton,1.0
946,,3,male,10.0,4,1,29.125,Queenstown,0.0
947,,3,male,35.0,0,0,7.8958,Southampton,0.0
948,,3,male,25.0,0,0,7.65,Southampton,0.0
950,,1,female,36.0,0,0,262.375,Cherbourg,1.0
951,,3,male,17.0,0,0,7.8958,Southampton,0.0
952,,2,male,32.0,0,0,13.5,Southampton,0.0
953,,3,male,18.0,0,0,7.75,Southampton,0.0
954,,3,female,22.0,0,0,7.725,Queenstown,1.0
955,,1,male,13.0,2,2,262.375,Cherbourg,0.0
957,,3,female,18.0,0,0,7.8792,Queenstown,1.0
958,,1,male,47.0,0,0,42.4,Southampton,0.0
959,,1,male,31.0,0,0,28.5375,Cherbourg,0.0
960,,1,female,60.0,1,4,263.0,Southampton,1.0
961,,3,female,24.0,0,0,7.75,Queenstown,1.0
962,,3,male,21.0,0,0,7.8958,Southampton,0.0
963,,3,female,29.0,0,0,7.925,Southampton,1.0
964,,1,male,28.5,0,0,27.7208,Cherbourg,0.0
965,,1,female,35.0,0,0,211.5,Southampton,1.0
966,,1,male,32.5,0,0,211.5,Southampton,0.0
968,,1,female,55.0,2,0,25.7,Southampton,1.0
969,,2,male,30.0,0,0,13.0,Southampton,0.0
970,,3,female,24.0,0,0,7.75,Queenstown,1.0
971,,3,male,6.0,1,1,15.2458,Cherbourg,0.0
972,,1,male,67.0,1,0,221.7792,Southampton,0.0
973,,1,male,49.0,0,0,26.0,Southampton,0.0
977,,3,female,27.0,0,0,7.8792,Queenstown,1.0
978,,3,female,18.0,0,0,8.05,Southampton,1.0
980,,2,male,2.0,1,1,23.0,Southampton,0.0
981,,3,female,22.0,1,0,13.9,Southampton,1.0
983,,1,female,27.0,1,2,52.0,Southampton,1.0
985,,1,male,25.0,0,0,26.0,Cherbourg,0.0
986,,3,male,25.0,0,0,7.7958,Southampton,0.0
987,,1,female,76.0,1,0,78.85,Southampton,1.0
988,,3,male,29.0,0,0,7.925,Southampton,0.0
989,,3,female,20.0,0,0,7.8542,Southampton,1.0
990,,3,male,33.0,0,0,8.05,Southampton,0.0
991,,1,female,43.0,1,0,55.4417,Cherbourg,1.0
992,,2,male,27.0,1,0,26.0,Southampton,0.0
994,,3,male,26.0,0,0,7.775,Southampton,0.0
995,,3,female,16.0,1,1,8.5167,Cherbourg,1.0
996,,3,male,28.0,0,0,22.525,Southampton,0.0
997,,3,male,21.0,0,0,7.8208,Queenstown,0.0
1000,,2,male,18.5,0,0,13.0,Southampton,0.0
1001,,2,male,41.0,0,0,15.0458,Southampton,0.0
1003,,1,female,36.0,0,0,31.6792,Cherbourg,1.0
1004,,3,female,18.5,0,0,7.2833,Queenstown,1.0
1005,,1,female,63.0,1,0,221.7792,Southampton,1.0
1006,,3,male,18.0,1,0,14.4542,Cherbourg,0.0
1008,,3,female,1.0,1,1,16.7,Southampton,1.0
1009,,1,male,36.0,0,0,75.2417,Southampton,0.0
1010,,2,female,29.0,1,0,26.0,Southampton,1.0
1011,,2,female,12.0,0,0,15.75,Southampton,1.0
1013,,1,female,35.0,1,0,57.75,Southampton,1.0
1014,,3,male,28.0,0,0,7.25,Southampton,0.0
1016,,3,female,17.0,0,1,16.1,Southampton,1.0
1017,,3,male,22.0,0,0,7.7958,Southampton,0.0
1019,,2,male,42.0,0,0,13.0,Southampton,0.0
1020,,3,male,24.0,0,0,8.05,Southampton,0.0
1021,,3,male,32.0,0,0,8.05,Southampton,0.0
1022,,1,male,53.0,0,0,28.5,Southampton,0.0
1025,,3,male,43.0,0,0,7.8958,Southampton,0.0
1026,,3,male,24.0,0,0,7.8542,Southampton,0.0
1027,,3,male,26.5,0,0,7.225,Cherbourg,0.0
1028,,2,male,26.0,0,0,13.0,Southampton,0.0
1029,,3,female,23.0,0,0,8.05,Southampton,1.0
1030,,3,male,40.0,1,6,46.9,Southampton,0.0
1031,,3,female,10.0,5,2,46.9,Southampton,1.0
1032,,1,female,33.0,0,0,151.55,Southampton,1.0
1033,,1,male,61.0,1,3,262.375,Cherbourg,0.0
1034,,2,male,28.0,0,0,26.0,Southampton,0.0
1035,,1,male,42.0,0,0,26.55,Southampton,0.0
1036,,3,male,31.0,3,0,18.0,Southampton,0.0
1038,,3,male,22.0,0,0,8.05,Southampton,0.0
1040,,2,male,30.0,1,1,26.0,Southampton,0.0
1044,,3,female,36.0,0,2,12.1833,Southampton,1.0
1045,,3,male,13.0,4,2,31.3875,Southampton,0.0
1046,,3,male,24.0,0,0,7.55,Southampton,0.0
1047,,1,female,29.0,0,0,221.7792,Southampton,1.0
1049,,1,male,42.0,0,0,26.55,Southampton,0.0
1050,,3,female,26.0,0,2,13.775,Southampton,1.0
1052,,3,male,7.0,1,1,15.2458,Cherbourg,0.0
1053,,2,female,26.0,0,0,13.5,Southampton,1.0
1055,,2,male,41.0,0,0,13.0,Southampton,0.0
1056,,3,female,26.0,1,1,22.025,Southampton,1.0
1057,,1,male,48.0,0,0,50.4958,Cherbourg,0.0
1058,,3,male,18.0,2,2,34.375,Southampton,0.0
1060,,3,female,22.0,0,0,8.9625,Southampton,1.0
1062,,3,male,27.0,0,0,7.225,Cherbourg,0.0
1063,,3,male,23.0,1,0,13.9,Southampton,0.0
1065,,3,male,40.0,1,5,31.3875,Southampton,0.0
1066,,2,female,15.0,0,2,39.0,Southampton,1.0
1067,,2,female,20.0,0,0,36.75,Southampton,1.0
1068,,1,male,54.0,1,0,55.4417,Cherbourg,0.0
1069,,2,female,36.0,0,3,39.0,Southampton,1.0
1070,,1,female,64.0,0,2,83.1583,Cherbourg,1.0
1071,,2,male,30.0,0,0,13.0,Southampton,0.0
1072,,1,male,37.0,1,1,83.1583,Cherbourg,0.0
1073,,1,female,18.0,1,0,53.1,Southampton,1.0
1075,,1,female,27.0,1,1,247.5208,Cherbourg,1.0
1076,,2,male,40.0,0,0,16.0,Southampton,0.0
1077,,2,female,21.0,0,1,21.0,Southampton,1.0
1078,,3,male,17.0,2,0,8.05,Southampton,0.0
1080,,2,male,40.0,0,0,13.0,Southampton,0.0
1081,,2,male,34.0,1,0,26.0,Southampton,0.0
1083,,3,male,11.5,1,1,14.5,Southampton,0.0
1084,,2,male,61.0,0,0,12.35,Southampton,0.0
1085,,2,male,8.0,0,2,32.5,Southampton,0.0
1086,,3,male,33.0,0,0,7.8542,Southampton,0.0
1087,,1,male,6.0,0,2,134.5,Cherbourg,0.0
1088,,3,female,18.0,0,0,7.775,Southampton,1.0
1089,,2,male,23.0,0,0,10.5,Southampton,0.0
1092,,3,male,0.33,0,2,14.4,Southampton,0.0
1093,,1,male,47.0,1,0,227.525,Cherbourg,0.0
1094,,2,female,8.0,1,1,26.0,Southampton,1.0
1095,,2,male,25.0,0,0,10.5,Southampton,0.0
1097,,3,female,35.0,0,0,7.75,Queenstown,1.0
1098,,2,male,24.0,0,0,10.5,Southampton,0.0
1099,,1,female,33.0,0,0,27.7208,Cherbourg,1.0
1100,,3,male,25.0,0,0,7.8958,Southampton,0.0
1101,,3,male,32.0,0,0,22.525,Southampton,0.0
1103,,2,male,17.0,0,0,73.5,Southampton,0.0
1104,,2,female,60.0,1,0,26.0,Southampton,1.0
1105,,3,female,38.0,4,2,7.775,Southampton,1.0
1106,,1,male,42.0,0,0,42.5,Southampton,0.0
1108,,1,male,57.0,1,1,164.8667,Southampton,0.0
1109,,1,female,50.0,1,1,211.5,Southampton,1.0
1111,,2,female,30.0,1,0,13.8583,Cherbourg,1.0
1112,,3,male,21.0,0,0,8.05,Southampton,0.0
1113,,2,female,22.0,0,0,10.5,Southampton,1.0
1114,,3,male,21.0,0,0,7.7958,Southampton,0.0
1115,,1,female,53.0,0,0,27.4458,Cherbourg,1.0
1117,,3,male,23.0,0,0,7.7958,Southampton,0.0
1119,,3,male,40.5,0,0,15.1,Southampton,0.0
1120,,2,male,36.0,0,0,13.0,Southampton,0.0
1121,,2,male,14.0,0,0,65.0,Southampton,0.0
1122,,1,female,21.0,0,0,26.55,Southampton,1.0
1123,,3,male,21.0,1,0,6.4958,Southampton,0.0
1125,,1,male,39.0,1,0,71.2833,Cherbourg,0.0
1126,,3,male,20.0,0,0,7.8542,Southampton,0.0
1127,,1,male,64.0,1,0,75.25,Cherbourg,0.0
1128,,3,male,20.0,0,0,7.225,Cherbourg,0.0
1129,,2,female,18.0,1,1,13.0,Southampton,1.0
1130,,1,female,48.0,1,0,106.425,Cherbourg,1.0
1131,,1,female,55.0,0,0,27.7208,Cherbourg,1.0
1132,,2,female,45.0,0,2,30.0,Southampton,1.0
1133,,1,male,45.0,1,1,134.5,Cherbourg,0.0
1136,,1,male,41.0,1,0,51.8625,Southampton,0.0
1137,,2,female,22.0,0,0,21.0,Southampton,1.0
1138,,2,male,42.0,1,1,32.5,Southampton,0.0
1139,,2,female,29.0,1,0,26.0,Southampton,1.0
1141,,2,female,0.92,1,2,27.75,Southampton,1.0
1142,,3,male,20.0,0,0,7.925,Southampton,0.0
1143,,1,male,27.0,1,0,136.7792,Cherbourg,0.0
1144,,3,male,24.0,0,0,9.325,Southampton,0.0
1145,,3,male,32.5,0,0,9.5,Southampton,0.0
1148,,3,male,28.0,0,0,8.05,Southampton,0.0
1149,,2,female,19.0,0,0,13.0,Southampton,1.0
1150,,3,male,21.0,0,0,7.775,Southampton,0.0
1151,,3,male,36.5,1,0,17.4,Southampton,0.0
1152,,3,male,21.0,0,0,7.8542,Southampton,0.0
1153,,2,female,29.0,0,2,23.0,Southampton,1.0
1154,,3,female,1.0,1,1,12.1833,Southampton,1.0
1155,,2,male,30.0,0,0,12.7375,Southampton,0.0
1160,,3,male,17.0,0,0,8.6625,Southampton,0.0
1161,,1,male,46.0,0,0,75.2417,Southampton,0.0
1163,,1,female,26.0,1,0,136.7792,Cherbourg,1.0
1166,,2,female,20.0,1,0,26.0,Southampton,1.0
1167,,2,male,28.0,0,0,10.5,Southampton,0.0
1168,,2,male,40.0,1,0,26.0,Southampton,0.0
1169,,2,male,30.0,1,0,21.0,Southampton,0.0
1170,,2,male,22.0,0,0,10.5,Southampton,0.0
1171,,3,female,23.0,0,0,8.6625,Southampton,1.0
1172,,3,male,0.75,1,1,13.775,Southampton,0.0
1174,,3,female,9.0,1,1,15.2458,Cherbourg,1.0
1175,,3,female,2.0,1,1,20.2125,Southampton,1.0
1176,,3,male,36.0,0,0,7.25,Southampton,0.0
1178,,1,male,24.0,1,0,82.2667,Southampton,0.0
1182,,3,female,30.0,0,0,6.95,Queenstown,1.0
1184,,1,male,53.0,1,1,81.8583,Southampton,0.0
1185,,3,male,36.0,0,0,9.5,Southampton,0.0
1186,,3,male,26.0,0,0,7.8958,Southampton,0.0
1187,,2,female,1.0,1,2,41.5792,Cherbourg,1.0
1189,,1,male,30.0,0,0,45.5,Southampton,0.0
1190,,3,male,29.0,0,0,7.8542,Southampton,0.0
1191,,3,male,32.0,0,0,7.775,Southampton,0.0
1193,,2,male,43.0,0,1,21.0,Southampton,0.0
1194,,3,male,24.0,0,0,8.6625,Southampton,0.0
1196,,1,female,64.0,1,1,26.55,Southampton,1.0
1197,,1,male,30.0,1,2,151.55,Southampton,0.0
1198,,3,male,0.83,0,1,9.35,Southampton,0.0
1199,,1,male,55.0,1,1,93.5,Southampton,0.0
1200,,3,female,45.0,1,0,14.1083,Southampton,1.0
1201,,3,male,18.0,0,0,8.6625,Southampton,0.0
1202,,3,male,22.0,0,0,7.225,Cherbourg,0.0
1204,,3,female,37.0,0,0,7.75,Queenstown,1.0
1205,,1,female,55.0,0,0,135.6333,Cherbourg,1.0
1206,,3,female,17.0,0,0,7.7333,Queenstown,1.0
1207,,1,male,57.0,1,0,146.5208,Cherbourg,0.0
1208,,2,male,19.0,0,0,10.5,Southampton,0.0
1209,,3,male,27.0,0,0,7.8542,Southampton,0.0
1210,,2,male,22.0,2,0,31.5,Southampton,0.0
1211,,3,male,26.0,0,0,7.775,Southampton,0.0
1212,,3,male,25.0,0,0,7.2292,Cherbourg,0.0
1213,,2,male,26.0,0,0,13.0,Southampton,0.0
1214,,1,male,33.0,0,0,26.55,Southampton,0.0
1215,,1,female,39.0,0,0,211.3375,Southampton,1.0
1216,,3,male,23.0,0,0,7.05,Southampton,0.0
1217,,2,female,12.0,2,1,39.0,Southampton,1.0
1218,,1,male,46.0,0,0,79.2,Cherbourg,0.0
1219,,2,male,29.0,1,0,26.0,Southampton,0.0
1220,,2,male,21.0,0,0,13.0,Southampton,0.0
1221,,2,female,48.0,0,2,36.75,Southampton,1.0
1222,,1,male,39.0,0,0,29.7,Cherbourg,0.0
1224,,3,female,19.0,1,1,15.7417,Cherbourg,1.0
1225,,3,male,27.0,0,0,7.8958,Southampton,0.0
1226,,1,male,30.0,0,0,26.0,Southampton,0.0
1227,,2,male,32.0,0,0,13.0,Southampton,0.0
1229,,2,male,25.0,0,0,31.5,Southampton,0.0
1231,,2,male,18.0,0,0,10.5,Southampton,0.0
1232,,3,male,32.0,0,0,7.5792,Southampton,0.0
1234,,1,female,58.0,0,1,512.3292,Cherbourg,1.0
1236,,3,female,16.0,0,0,7.65,Southampton,1.0
1237,,2,male,26.0,0,0,13.0,Southampton,0.0
1238,,3,female,38.0,0,0,7.2292,Cherbourg,1.0
1239,,2,male,24.0,0,0,13.5,Southampton,0.0
1240,,2,female,31.0,0,0,21.0,Southampton,1.0
1241,,1,female,45.0,0,1,63.3583,Cherbourg,1.0
1242,,2,male,25.0,0,0,10.5,Southampton,0.0
1243,,2,male,18.0,0,0,73.5,Southampton,0.0
1244,,2,male,49.0,1,2,65.0,Southampton,0.0
1245,,3,female,0.17,1,2,20.575,Southampton,1.0
1246,,1,male,50.0,0,0,26.0,Southampton,0.0
1247,,1,female,59.0,2,0,51.4792,Southampton,1.0
1250,,3,female,30.0,1,0,15.55,Southampton,1.0
1251,,3,male,14.5,8,2,69.55,Southampton,0.0
1252,,2,female,24.0,1,1,37.0042,Cherbourg,1.0
1253,,2,female,31.0,0,0,21.0,Southampton,1.0
1254,,3,male,27.0,0,0,8.6625,Southampton,0.0
1255,,1,female,25.0,1,0,55.4417,Cherbourg,1.0
1258,,3,female,22.0,0,0,39.6875,Southampton,1.0
1259,,1,female,45.0,0,1,59.4,Cherbourg,1.0
1260,,2,male,29.0,0,0,13.8583,Cherbourg,0.0
1261,,2,male,21.0,1,0,11.5,Southampton,0.0
1262,,1,female,31.0,0,0,134.5,Cherbourg,1.0
1263,,1,male,49.0,0,0,0.0,Southampton,0.0
1264,,2,male,44.0,0,0,13.0,Southampton,0.0
1265,,1,female,54.0,1,1,81.8583,Southampton,1.0
1266,,1,female,45.0,0,0,262.375,Cherbourg,1.0
1267,,3,female,22.0,2,0,8.6625,Southampton,1.0
1268,,2,male,21.0,0,0,11.5,Southampton,0.0
1269,,1,male,55.0,0,0,50.0,Southampton,0.0
1270,,3,male,5.0,4,2,31.3875,Southampton,0.0
1272,,3,male,26.0,0,0,7.8792,Queenstown,0.0
1274,,3,female,19.0,1,0,16.1,Southampton,1.0
1276,,2,female,24.0,1,2,65.0,Southampton,1.0
1277,,3,male,24.0,0,0,7.775,Southampton,0.0
1278,,2,male,57.0,0,0,13.0,Southampton,0.0
1279,,3,male,21.0,0,0,7.75,Queenstown,0.0
1280,,3,male,6.0,3,1,21.075,Southampton,0.0
1281,,1,male,23.0,0,0,93.5,Southampton,0.0
1282,,1,female,51.0,0,1,39.4,Cherbourg,1.0
1283,,3,male,13.0,0,2,20.25,Southampton,0.0
1284,,2,male,47.0,0,0,10.5,Southampton,0.0
1285,,3,male,29.0,3,1,22.025,Southampton,0.0
1286,,1,female,18.0,1,0,60.0,Cherbourg,1.0
1287,,3,male,24.0,0,0,7.25,Queenstown,0.0
1288,,1,female,48.0,1,1,79.2,Cherbourg,1.0
1289,,3,male,22.0,0,0,7.775,Southampton,0.0
1290,,3,male,31.0,0,0,7.7333,Queenstown,0.0
1291,,1,female,30.0,0,0,164.8667,Southampton,1.0
1292,,2,male,38.0,1,0,21.0,Southampton,0.0
1293,,1,female,22.0,0,1,59.4,Cherbourg,1.0
1294,,1,male,17.0,0,0,47.1,Southampton,0.0
1295,,1,male,43.0,1,0,27.7208,Southampton,0.0
1296,,2,male,20.0,0,0,13.8625,Cherbourg,0.0
1297,,2,male,23.0,1,0,10.5,Southampton,0.0
1298,,1,male,50.0,1,1,211.5,Southampton,0.0
1300,,3,female,3.0,1,1,13.775,Southampton,1.0
1302,,1,female,37.0,1,0,90.0,Southampton,1.0
1303,,3,female,28.0,0,0,7.775,Southampton,1.0
1305,,1,female,39.0,0,0,108.9,Cherbourg,1.0
1306,,3,male,38.5,0,0,7.25,Southampton,0.0
